Recipe,ID
Good Morning Egg Roll Up,1
Savoury Broccoli and Cheese Muffins,2
Best Ever Apple Berry Crisp,3
Applepie Oatmeal,4
Spiced Up Butternut Squash Up Soup,5
Hearty Chicken Noodle Soup,6
Quick and Easy Hummus,7
Mac and Cheese with a Veggie Twist,8
Speedy Pork and Apple Skillet Dinner,9
Quick Quinoa and Veggie Casserole,10
Turkey and Veggie Stuffed Pita,11
Crunchy Turkey Fingers and Oven Fries,12
Lip Smacking BBQ Drumsticks,13
The Ultimate Mixed Bean Salad,14
Open Face Egg Salad Sandwiches,15
Fast Fish and Fresh Herb Veggie Packets,16
Grilled Flank Steak with BBQ Veggies,17
Fun Fruit Kebabs with Maple Cinnamon Yogurt Dip,18
Greek Style Chicken Sandwiches,19
Orange Soy Tofu Pockets,20
Summer Lovin' Strawberry Pancakes,21
Terrific Tuna and Tomato Salad,22
Fruit and Yogurt Granola Parfait,23
Watermelon Blueberry Yogurt Pops,24
Fresh Avocado and Bean Lettuce Wrap,25
Toasted Barley and Wild Rice Salad	,26
Crowd-Pleasing Chickpea and Carrot Salad,27
Zesty Bean Dip and Chips,28
Easy Beef Fajitas with Lime Sour Cream,29
Fun French Toast Sticks with Pineapple Orange Topping,30
Satisfying Red Lentil Mushroom Soup	,31
Savoury Pear and Cheese Scones	,32
Classic Poached Eggs,33
Quick Quinoa and Veggie Casserole,34
Honey Grilled Salmon and Asparagus,35
Family Favourite Spaghetti and Turkey Meatballs,36
Greek Style Couscous and Egg Wrap,37
Creamy Clam Chowder,38
Curried Vegetable Lentil Stew,39
Easy Bake Cheese Straws,40
Eat Your Greens Frittata,41
Energy-Boosting Muffins,42
Mediterranean Tomato and Ricotta Pasta,43
Simple Slow-cooked Lasagna,44
Speedy Flatbread Pizza,45
Steamy Hot Chocolate Mix,46
No Bake Toasted Oat Granola Bars,47
Crowd-Pleasing Turkey Chili,48
